index,mchirp_msun,duration_20_to_fmax_s,t20_range_s,mean_observed_duration_s,mean_stack_samples,mean_bin_width_hz,max_metric_sqrt_det,median_metric_correlation,t20_metric_volume,mean_g_logm_logm,mean_g_logm_t20,mean_g_t20_t20
0,5.0000000000000001e-04,6.6574998928126410e+07,9.8132598928126410e+07,2.1048398500000000e+07,7.0161328333333333e+05,3.3333322348830664e-02,6.8284301788114274e-02,-9.7984029316567067e-01,1.9679030080716950e+06,6.4765554461780533e+07,-6.0157721189571445e-01,5.6131550862388556e-09
1,5.7275748505435575e-04,5.3086451093662977e+07,8.4644051093662977e+07,1.9458958000000000e+07,6.4863193333333335e+05,3.3333319602915849e-02,8.5405090908945006e-02,-9.7767259782023463e-01,2.2947486644805348e+06,6.3478037831720188e+07,-7.3992143341857353e-01,8.6646495084130796e-09
2,6.5610227337158176e-04,4.2330838817031778e+07,7.3888438817031771e+07,1.7771827000000000e+07,5.9239423333333328e+05,3.3333316311669907e-02,1.0734605214062323e-01,-9.8047951145080181e-01,2.6541701087255371e+06,6.1146543091831803e+07,-8.9458894785086285e-01,1.3150850242639210e-08
3,7.5157497606950514e-04,3.3754429436850041e+07,6.5312029436850041e+07,1.6030472000000000e+07,5.3434906666666665e+05,3.3333312390773612e-02,1.3470640012495744e-01,-9.9094345668129535e-01,3.0538620502392612e+06,5.7943634596954182e+07,-1.0641907787802751e+00,1.9644010263723096e-08
4,8.6094038624671574e-04,2.6915685698428839e+07,5.8473285698428839e+07,1.4279578500000000e+07,4.7598595000000001e+05,3.3333307663143887e-02,1.6824776015075554e-01,-9.9535987720473340e-01,3.5252245199016426e+06,5.4322035777258866e+07,-1.2526643841304272e+00,2.9043003284775612e-08
5,9.8622010081678905e-04,2.1462532967342209e+07,5.3020132967342213e+07,1.2557967000000000e+07,4.1859890000000002e+05,3.3333301873622642e-02,2.1124813248157187e-01,-9.9535982177993076e-01,4.1141891752321143e+06,5.0796063642698921e+07,-1.4708763259118944e+00,4.2838792975344400e-08
6,1.1297298893077558e-03,1.7114232527988669e+07,4.8671832527988672e+07,1.0907088000000000e+07,3.6356959999999998e+05,3.3333294764268884e-02,2.6570683776526433e-01,-9.9535974550185191e-01,4.8457351603224631e+06,4.7410470243653782e+07,-1.7240905492297098e+00,6.3087300287401552e-08
7,1.2941225003812919e-03,1.3646927686448537e+07,4.5204527686448537e+07,9.3647270000000000e+06,3.1215756666666665e+05,3.3333285984538177e-02,3.3149031494982306e-01,-9.9535965405496341e-01,5.7681359463219438e+06,4.4356891257540807e+07,-2.0257398258003039e+00,9.3129737065843457e-08
8,1.4824366973412882e-03,1.0882118497707130e+07,4.2439718497707129e+07,7.9542910000000000e+06,2.6514303333333333e+05,3.3333275115695997e-02,4.0948345158511784e-01,-9.9535957254959828e-01,6.9188100701361531e+06,4.1598681655112915e+07,-2.3858898113887981e+00,1.3781368008345932e-07
9,1.6981534290429628e-03,8.6774717225595918e+06,4.0235071722559594e+07,6.6891965000000000e+06,2.2297321666666667e+05,3.3333261619951413e-02,5.2036072697213309e-01,-9.9535946830807753e-01,8.3604209187758127e+06,3.9247153238787383e+07,-2.8265688635463762e+00,2.0510011692962340e-07
10,1.9452601745101558e-03,6.9194928527193582e+06,3.8477092852719359e+07,5.5770390000000000e+06,1.8590129999999999e+05,3.3333244806637005e-02,6.5713396899424215e-01,-9.9535939482086633e-01,1.0160031165125195e+07,3.7237180743330225e+07,-3.3672268970612254e+00,3.0690002298455362e-07
11,2.2283246506576704e-03,5.5176829142651083e+06,3.7075282914265111e+07,4.6156845000000000e+06,1.5385614999999999e+05,3.3333223753843462e-02,8.1903573893333603e-01,-9.9535927985867412e-01,1.2438562219908031e+07,3.5687463751148552e+07,-4.0507615066384242e+00,4.6359214210872719e-07
12,2.5525792455906265e-03,4.3998792057169229e+06,3.5957479205716923e+07,3.7947740000000000e+06,1.2649246666666666e+05,3.3333197481008804e-02,1.0066604506059651e+00,-9.9535921944705741e-01,1.5241689671960184e+07,3.4293714220528737e+07,-4.8862362942456432e+00,7.0219027564414485e-07
13,2.9240177382128668e-03,3.5085400837102043e+06,3.5066140083710201e+07,3.1034865000000000e+06,1.0344955000000000e+05,3.3333164345304707e-02,1.2193492603500269e+00,-9.9535904851157819e-01,1.8864570863999154e+07,3.3512689665525217e+07,-5.9902928569731699e+00,1.0801897445198812e-06
14,3.3495060919862545e-03,2.7977825149096069e+06,3.4355382514909610e+07,2.5251635000000000e+06,8.4172116666666669e+04,3.3333122955384445e-02,1.4558118601754300e+00,-9.9535889545309575e-01,2.3308751669991132e+07,3.2760506762865271e+07,-7.3468844585093125e+00,1.6624882101906021e-06
15,3.8369093708405856e-03,2.2310198700281312e+06,3.3788619870028131e+07,2.0477470000000000e+06,6.8258233333333337e+04,3.3333070787455843e-02,1.7142227897472271e+00,-9.9535878405878764e-01,2.8944994691308565e+07,3.2302806372629639e+07,-9.0868942739503016e+00,2.5795919963129740e-06
16,4.3952371232482889e-03,1.7790783400786160e+06,3.3336678340078615e+07,1.6546020000000000e+06,5.5153400000000001e+04,3.3333005759431641e-02,1.9916875669520295e+00,-9.9535861118976521e-01,3.5776798992165647e+07,3.1700717482994061e+07,-1.1188544228029421e+01,3.9857507602163772e-06
17,5.0348099218584623e-03,1.4186949974491892e+06,3.2976294997449189e+07,1.3324970000000000e+06,4.4416566666666666e+04,3.3332923638070180e-02,2.2865268365153697e+00,-9.9535864709794841e-01,4.4612349810254537e+07,3.1595317048357308e+07,-1.3982588601773209e+01,6.2460469722516795e-06
18,5.7674501371407470e-03,1.1313201738225538e+06,3.2688920173822552e+07,1.0734170000000000e+06,3.5780566666666666e+04,3.3332819794854224e-02,2.5942021192248284e+00,-9.9535848635507995e-01,5.5717214133343562e+07,3.1449686663022976e+07,-1.7457988920771797e+01,9.7822189259467279e-06
19,6.6067004714502739e-03,9.0216249503802205e+05,3.2459762495038021e+07,8.6021500000000000e+05,2.8673833333333332e+04,3.3332690164309009e-02,2.9139215410621628e+00,-9.9535833678957852e-01,6.9608366171900705e+07,3.1491853540304951e+07,-2.1917222280798697e+01,1.5397146329540876e-05
20,7.5680742930705714e-03,7.1942740642335068e+05,3.2277027406423349e+07,6.8958700000000000e+05,2.2986233333333334e+04,3.3332528112213870e-02,3.2431278715197909e+00,-9.9535800836934363e-01,8.6646579988149017e+07,3.1320257337531112e+07,-2.7338156515755536e+01,2.4088147274091763e-05
21,8.6693423976072440e-03,5.7370998414626962e+05,3.2131309984146271e+07,5.5352550000000000e+05,1.8450849999999999e+04,3.3332321922764377e-02,3.5769426767057810e+00,-9.9535827445043501e-01,1.0852190683742276e+08,3.1296852427458171e+07,-3.4264603652213047e+01,3.7868414508452089e-05
22,9.9308614974572586e-03,4.5751077166515921e+05,3.2015110771665160e+07,4.4218650000000000e+05,1.4739549999999999e+04,3.3332061412740428e-02,4.3521522908872097e+00,-9.9535790666529367e-01,1.3686923254547977e+08,3.1679843301547535e+07,-4.3477822281715007e+01,6.0227373183428405e-05
23,1.1375950511413506e-02,3.6484971437955322e+05,3.1922449714379553e+07,3.5262950000000000e+05,1.1754316666666668e+04,3.3331738124378563e-02,5.4586778436108716e+00,-9.9535788894013777e-01,1.7113597889994162e+08,3.1679297796134252e+07,-5.4521097236243961e+01,9.4709809462563050e-05
24,1.3031321610040031e-02,2.9095831621189433e+05,3.1848558316211894e+07,2.8121300000000000e+05,9.3737666666666664e+03,3.3331332685728077e-02,6.8464348675671580e+00,-9.9535781353061292e-01,2.1409013265445340e+08,3.1675112120610129e+07,-6.8361428080224456e+01,1.4891749074365980e-04
25,1.4927573984602019e-02,2.3203416913128685e+05,3.1789634169131286e+07,2.2426200000000000e+05,7.4753999999999996e+03,3.3330824099825219e-02,8.5879149548767728e+00,-9.9535838030476775e-01,2.6797906433141407e+08,3.1677054042925119e+07,-8.5730486260804540e+01,2.3418933654041860e-04
26,1.7099759466766971e-02,1.8504521790854234e+05,3.1742645217908543e+07,1.7884650000000000e+05,5.9615500000000002e+03,3.3330186246878231e-02,1.0772789179285725e+01,-9.9535799757563659e-01,3.3553379777713042e+08,3.1675637318662163e+07,-1.0750099987352132e+02,3.6824850014393164e-04
27,1.9588030454439735e-02,1.4757368300674969e+05,3.1705173683006749e+07,1.4263150000000000e+05,4.7543833333333332e+03,3.3329386062934889e-02,1.3516387040446750e+01,-9.9535929481086005e-01,4.2030606727152950e+08,3.1682595614212729e+07,-1.3483299262684716e+02,5.7917815371787064e-04
28,2.2438382120506067e-02,1.1769160629967922e+05,3.1675291606299680e+07,1.1375050000000000e+05,3.7916833333333334e+03,3.3328382367482125e-02,1.6960302463266625e+01,-9.9536026737103778e-01,5.2660515375497973e+08,3.1688363957404744e+07,-1.6910679610301722e+02,9.1088221695685050e-04
29,2.5703502624059366e-02,9.3861612395551536e+04,3.1651461612395551e+07,9.0717500000000000e+04,3.0239166666666665e+03,3.3327123730520089e-02,2.1273902924241945e+01,-9.9535885591209916e-01,6.5974027921283710e+08,3.1680559803574607e+07,-2.1200440214991474e+02,1.4319815055742343e-03
30,2.9443747040088571e-02,7.4857776550067007e+04,3.1632457776550066e+07,7.2349000000000000e+04,2.4116333333333332e+03,3.3325544664767566e-02,2.6721417023223406e+01,-9.9535800608326408e-01,8.2676166242342293e+08,3.1679840903529420e+07,-2.6583861064801397e+02,2.2516119427615062e-03
31,3.3728253010515540e-02,5.9702525319567190e+04,3.1617302525319569e+07,5.7702500000000000e+04,1.9234166666666667e+03,3.3323562993372906e-02,3.3552260110736484e+01,-9.9536052342503367e-01,1.0365720797285131e+09,3.1699244592770122e+07,-3.3354204739874160e+02,3.5423441806081367e-03
32,3.8636218739159789e-02,4.7616321529502500e+04,3.1605216321529504e+07,4.6021500000000000e+04,1.5340500000000000e+03,3.3321076750012363e-02,4.2144544345368452e+01,-9.9536491070079736e-01,1.2997255248150918e+09,3.1718103653380651e+07,-4.1847754039304584e+02,5.5728030904194153e-03
33,4.4258366954102291e-02,3.7977543312636204e+04,3.1595577543312635e+07,3.6704500000000000e+04,1.2234833333333333e+03,3.3317959111092282e-02,5.2938544365285431e+01,-9.9536094427749200e-01,1.6289603978072236e+09,3.1709623812123068e+07,-5.2460505921784409e+02,8.7601407427966137e-03
34,5.0698621898488901e-02,3.0290491792531917e+04,3.1587890491792534e+07,2.9275500000000000e+04,9.7585000000000002e+02,3.3314044724291010e-02,6.6555617221568255e+01,-9.9536573464611422e-01,2.0430008766277323e+09,3.1735329577686463e+07,-6.5831798062127552e+02,1.3783614912434161e-02
35,5.8076030348600378e-02,2.4159880471594199e+04,3.1581759880471595e+07,2.3351000000000000e+04,7.7836666666666667e+02,3.3309124793534484e-02,8.3782470808029089e+01,-9.9537922912877808e-01,2.5654606552789946e+09,3.1825794678295735e+07,-8.2771429379184860e+02,2.1727408697901272e-02
36,6.6526962168809656e-02,1.9270493075097991e+04,3.1576870493075099e+07,1.8624000000000000e+04,6.2079999999999995e+02,3.3302963391663880e-02,1.0543581113067064e+02,-9.9537130168906662e-01,3.2148550307985630e+09,3.1803339511397444e+07,-1.0371668633751503e+03,3.4139148467371157e-02
37,7.6207631080227378e-02,1.5370962683509928e+04,3.1572970962683510e+07,1.4857000000000000e+04,4.9523333333333335e+02,3.3295210754205891e-02,1.3305995485153869e+02,-9.9538763152767062e-01,4.0380698473221831e+09,3.1906651021624669e+07,-1.3045169414938803e+03,5.3831547456073006e-02
38,8.7296982238922474e-02,1.2260837154196834e+04,3.1569860837154198e+07,1.1849500000000000e+04,3.9498333333333335e+02,3.3285493804073890e-02,1.6804881517693732e+02,-9.9537217186411819e-01,5.0620453320903416e+09,3.1903038454444293e+07,-1.6355320498098865e+03,8.4626209490825124e-02
39,1.0000000000000001e-01,9.7802650138372865e+03,3.1567380265013836e+07,9.4525000000000000e+03,3.1508333333333331e+02,3.3273249667951768e-02,2.1282532532114121e+02,-9.9539460337798036e-01,6.3643172538862724e+09,3.2058738882805850e+07,-2.0603123093140325e+03,1.3363625086376790e-01
