index,mchirp_msun,duration_20_to_fmax_s,t20_range_s,g_logm_logm,g_logm_t20,g_t20_t20,metric_det,metric_sqrt_det,metric_correlation,metric_volume_density
0,5.0000000000000001e-04,6.6574998928126410e+07,9.8132598928126410e+07,1.4538151230579827e+07,-1.3751390282998316e-01,1.3135421268982170e-09,1.8640061704970623e-04,1.3652861130536200e-02,-9.9510753362831827e-01,1.3397907455443155e+06
1,5.5966492428591156e-04,5.5172192114950553e+07,8.6729792114950553e+07,1.4595140720140241e+07,-1.6658620823754250e-01,1.9200666288236768e-09,2.7267786476497038e-04,1.6512960508793400e-02,-9.9512296771947162e-01,1.4321656321300396e+06
2,6.2644965495191080e-04,4.5722477693889916e+07,7.7280077693889916e+07,1.4537640204956738e+07,-2.0022473932324880e-01,2.7848487088461176e-09,3.9518231738024795e-04,1.9879193076688197e-02,-9.9510744527979189e-01,1.5362655854583024e+06
3,7.0120379741519330e-04,3.7891321496972613e+07,6.9448921496972620e+07,1.4537355903329752e+07,-2.4160283242720410e-01,4.0548865859635680e-09,5.7540081094244189e-04,2.3987513646529561e-02,-9.9510739610819998e-01,1.6659069521453909e+06
4,7.8487834037873564e-04,3.1401490383095957e+07,6.2959090383095957e+07,1.4537050559453713e+07,-2.9153142063744752e-01,5.9041118295682488e-09,8.3780295621402323e-04,2.8944826069852679e-02,-9.9510734328167161e-01,1.8223399206548471e+06
5,8.7853775388343493e-04,2.6023237312825922e+07,5.7580837312825918e+07,1.4593953859368417e+07,-3.5316216865858563e-01,8.6302238189419434e-09,1.2255708380257413e-03,3.5008153879142800e-02,-9.9512276404426403e-01,2.0157988131372973e+06
6,9.8337353101897495e-04,2.1566167599487584e+07,5.3123767599487588e+07,1.4536370622047979e+07,-4.2447192918168763e-01,1.2517056239818882e-08,1.7761499358018851e-03,4.2144393883432288e-02,-9.9510722559187859e-01,2.2388689862847230e+06
7,1.1007193455650083e-03,1.7872498370976407e+07,4.9430098370976403e+07,1.4535992708417082e+07,-5.1218762662380257e-01,1.8225261420121542e-08,2.5861022453581017e-03,5.0853733838904118e-02,-9.9510716014665512e-01,2.5137050661884821e+06
8,1.2320680183913570e-03,1.4811472601882007e+07,4.6369072601882011e+07,1.4535587100393733e+07,-6.1802771362387732e-01,2.6536502442440422e-08,3.7653877847464434e-03,6.1362755680839848e-02,-9.9510708988042329e-01,2.8453340732164108e+06
9,1.3790905084561853e-03,1.2274729951844394e+07,4.3832329951844394e+07,1.4535151851250704e+07,-7.4573665196629602e-01,3.8637750061553585e-08,5.4824102494520632e-03,7.4043299828222567e-02,-9.9510701445104799e-01,3.2454903487939951e+06
10,1.5436571699971003e-03,1.0172470520741235e+07,4.1730070520741239e+07,1.4534684888541145e+07,-8.9983235038357612e-01,5.6257195757398178e-08,7.9823542499254385e-03,8.9344021903681042e-02,-9.9510693349388668e-01,3.7283323346472597e+06
11,1.7278615463396634e-03,8.4302757036416139e+06,3.9987875703641616e+07,1.4591405203366872e+07,-1.0900405508017144e+00,8.2230939326574487e-08,1.1676553575419746e-02,1.0805810277540387e-01,-9.9512232591272931e-01,4.3210139825541815e+06
12,1.9340470030174538e-03,6.9864735923306588e+06,3.8544073592330657e+07,1.4590865941437839e+07,-1.3152721005940944e+00,1.1972843065152326e-07,1.7000782413911342e-02,1.3038704848991461e-01,-9.9512223308663272e-01,5.0256479924820550e+06
13,2.1648365390183151e-03,5.7899556492434377e+06,3.7347555649243437e+07,1.4533070953979662e+07,-1.5808124494663647e+00,1.7364570309345762e-07,2.4637323523057475e-02,1.5696280936278337e-01,-9.9510665344217997e-01,5.8621772575381408e+06
14,2.4231661554021200e-03,4.7983673564068638e+06,3.6355967356406868e+07,1.4532453644415509e+07,-1.9074346923222762e+00,2.5282571367111551e-07,3.5870858567177866e-02,1.8939603630271112e-01,-9.9510654622887518e-01,6.8856761132542156e+06
15,2.7123222057906220e-03,3.9766087821145570e+06,3.5534208782114558e+07,1.4589003901336778e+07,-2.3105930681595637e+00,3.6954617637432871e-07,5.2470282222144782e-02,2.2906392606026987e-01,-9.9512191225249491e-01,8.1396053730764817e+06
16,3.0359832038856136e-03,3.2955919803045820e+06,3.4853191980304584e+07,1.4531083407793729e+07,-2.7770403031399180e+00,5.3595387004063237e-07,7.6037543026821197e-02,2.7574905807059652e-01,-9.9510630806281886e-01,9.6107348593226578e+06
17,3.3982666198718826e-03,2.7312112304388573e+06,3.4288811230438858e+07,1.4530324351332810e+07,-3.3507734821933344e+00,7.8032583798359529e-07,1.1070459665717181e-01,3.3272300289756312e-01,-9.9510617602073603e-01,1.1408676238379303e+07
18,3.8037812610278755e-03,2.2634896610159930e+06,3.3821089661015995e+07,1.4529511616097206e+07,-4.0430164233348345e+00,1.1361123339553542e-06,1.6117555404042960e-01,4.0146675334382248e-01,-9.9510603455763613e-01,1.3578043060758414e+07
19,4.2576859029066745e-03,1.8758720444677814e+06,3.3433472044467781e+07,1.4528641676577607e+07,-4.8782417849532935e+00,1.6541048817011851e-06,2.3465420925001368e-01,4.8441119851838033e-01,-9.9510588304349290e-01,1.6195548263691401e+07
20,4.7657549169669144e-03,1.5546387261792873e+06,3.3112238726179287e+07,1.4527710812317997e+07,-5.8859740170817068e+00,2.4082471170841851e-06,3.4162755183659499e-01,5.8448913748383291e-01,-9.9510572081185467e-01,1.9353743853223301e+07
21,5.3344517295389983e-03,1.2884199389465831e+06,3.2846019938946582e+07,1.4583906892039729e+07,-7.1297916118147011e+00,3.5198809908730092e-06,4.9968821404923602e-01,7.0688628084666916e-01,-9.9512103170151867e-01,2.3218400875257488e+07
22,5.9710110466385871e-03,1.0677933081796137e+06,3.2625393308179613e+07,1.4525650411972763e+07,-8.5687844451035744e+00,5.1046352580827695e-06,7.2408037289170579e-01,8.5092912330681558e-01,-9.9510536133919636e-01,2.7761897325269327e+07
23,6.6835308906546594e-03,8.8495029839340004e+05,3.2442550298393399e+07,1.4524512405595016e+07,-1.0338669781614936e+01,7.4317280263671923e-06,1.0541330607006216e+00,1.0267098230272376e+00,-9.9510516257038140e-01,3.3309085075415738e+07
24,7.4810756197615826e-03,7.3341979228365014e+05,3.2291019792283650e+07,1.4523296527358394e+07,-1.2474021468560615e+01,1.0819569888309643e-05,1.5346101882877576e+00,1.2387938441434707e+00,-9.9510495002657429e-01,4.0001916539795958e+07
25,8.3737912406220989e-03,6.0783901636376383e+05,3.2165439016363762e+07,1.4521998006077766e+07,-1.5050275511771630e+01,1.5751610087322511e-05,2.2340573003791064e+00,1.4946763196020423e+00,-9.9510472283987750e-01,4.8076920007362522e+07
26,9.3730344813375936e-03,5.0376370336066186e+05,3.2061363703360662e+07,1.4520611854229525e+07,-1.8158430308930640e+01,2.2931598408142833e-05,3.2522483974187821e+00,1.8033991231612547e+00,-9.9510448009911756e-01,5.7819435189994693e+07
27,1.0491517266654087e-02,4.1751077067096950e+05,3.1975110770670969e+07,1.4576294810494762e+07,-2.1994507809340060e+01,3.3514341838980521e-05,4.7565532495583511e+00,2.1809523721434982e+00,-9.9511971072434036e-01,6.9736193684845969e+07
28,1.1743468433372591e-02,3.4602794534692826e+05,3.1903627945346929e+07,1.4574711371695062e+07,-2.6536221193131478e+01,4.8789658424520062e-05,6.9241542501700906e+00,2.6313787736033158e+00,-9.9511943507755718e-01,8.3950529376323476e+07
29,1.3144814743234930e-02,2.8678572006822808e+05,3.1844385720068227e+07,1.4573023662685735e+07,-3.2015402706972125e+01,7.1026122830766805e-05,1.0079358191989968e+01,3.1748004964076038e+00,-9.9511914095599252e-01,1.0109957159186782e+08
30,1.4713383496049830e-02,2.3768781513685436e+05,3.1795287815136854e+07,1.4514083787496408e+07,-3.8473983145144800e+01,1.0299314321415715e-04,1.4603731095007788e+01,3.8214828398159515e+00,-9.9510333385446958e-01,1.2150514677255471e+08
31,1.6469129320612619e-02,1.9699697669631237e+05,3.1754596976696312e+07,1.4512177363156326e+07,-4.6416910608303930e+01,1.4992836883767375e-04,2.1257489921763408e+01,4.6105845531519547e+00,-9.9510299816266545e-01,1.4640725431232178e+08
32,1.8434388028551102e-02,1.6327348431948418e+05,3.1720873484319486e+07,1.4510149126842117e+07,-5.5998889618387309e+01,2.1824846508123748e-04,3.0942136540824322e+01,5.5625656437317055e+00,-9.9510264055083586e-01,1.7644944103303561e+08
33,2.0634160760512346e-02,1.3532419105315869e+05,3.1692924191053160e+07,1.4507992790232321e+07,-6.7557933354939593e+01,3.1769468952653454e-04,4.5037905955599854e+01,6.7110286808804398e+00,-9.9510225981783462e-01,2.1269212322712725e+08
34,2.3096432039470940e-02,1.1216029188142795e+05,3.1669760291881427e+07,1.4505701958291365e+07,-8.1501704477863214e+01,4.6244443911820166e-04,6.5553373320900391e+01,8.0965037714374208e+00,-9.9510185473118107e-01,2.5641433364373705e+08
35,2.5852525777290428e-02,9.2962325575854324e+04,3.1650562325575855e+07,1.4503270166543869e+07,-9.8321851750306720e+01,6.7313080504644452e-04,9.5411391402461959e+01,9.7678754804953343e+00,-9.9510142403125379e-01,3.0915875168388176e+08
36,2.8937503763493650e-02,7.7051170977417671e+04,3.1634651170977417e+07,1.4500690926034523e+07,-1.1861129394571174e+02,9.7978118529988990e-04,1.3886509170142926e+02,1.1784103347367132e+01,-9.9510096643555157e-01,3.7278599875670654e+08
37,3.2390611705637923e-02,6.3864010969742725e+04,3.1621464010969743e+07,1.4497957781451270e+07,-1.4308505608986624e+02,1.4260930173228027e-03,2.0210308132827777e+02,1.4216296329504312e+01,-9.9510048064601819e-01,4.4954010275270182e+08
38,3.6255778495620443e-02,5.2934413268150784e+04,3.1610534413268153e+07,1.4495064376110356e+07,-1.7260538708804691e+02,2.0756547682314499e-03,2.9412983628077563e+02,1.7150213884403179e+01,-9.9509996536072998e-01,5.4212742618783593e+08
39,4.0582175053356394e-02,4.3875822890828858e+04,3.1601475822890829e+07,1.4492004531410033e+07,-2.0821203728022408e+02,3.0209967665819392e-03,4.2804636229910102e+02,2.0689281338391169e+01,-9.9509941928328272e-01,6.5381182400815499e+08
40,4.5424839857188655e-02,3.6367881956629433e+04,3.1593967881956629e+07,1.4488772339576570e+07,-2.5115875451618854e+02,4.3967585023938173e-03,6.2291300315858825e+02,2.4958225160427340e+01,-9.9509884113510461e-01,7.8852936410918319e+08
41,5.0845379118746294e-02,3.0145092544632502e+04,3.1587745092544634e+07,1.4485362278967360e+07,-3.0295727441179861e+02,6.3988436883089077e-03,9.0645887261237658e+02,3.0107455432373833e+01,-9.9509822967444528e-01,9.5102662758297276e+08
42,5.6912750509563223e-02,2.4987421297117882e+04,3.1582587421297118e+07,1.4481769343630347e+07,-3.6543034183050696e+02,9.3122845696225007e-03,1.3190224691599142e+03,3.6318348932184598e+01,-9.9509758371690737e-01,1.1470274301478930e+09
43,6.3704140409675425e-02,2.0712513186599692e+04,3.1578312513186600e+07,1.4477989196925847e+07,-4.4077561591711418e+02,1.3551773214212290e-02,1.9192826074432523e+03,4.3809617750480911e+01,-9.9509690215513169e-01,1.3834338004079332e+09
44,7.1305945838160148e-02,1.7169238832591091e+04,3.1574769238832589e+07,1.4474018350820696e+07,-5.3164269089269021e+02,1.9720614996903002e-02,2.7925925750233000e+03,5.2844986280850712e+01,-9.9509618398516975e-01,1.6685682472471352e+09
45,7.9814873557298424e-02,1.4232346961550202e+04,3.1571832346961550e+07,1.4469854372642796e+07,-6.4122592284388827e+02,2.8696472870803371e-02,4.0630993220233941e+03,6.3742445215283311e+01,-9.9509542833503828e-01,2.0124657937223063e+09
46,8.9339170332670151e-02,1.1798032725269903e+04,3.1569398032725271e+07,1.4465496129128760e+07,-7.7337630528579405e+02,4.1756070437304872e-02,5.9113657009558519e+03,7.6885406293755466e+01,-9.9509463450578306e-01,2.4272259941953669e+09
47,1.0000000000000001e-01,9.7802650138372865e+03,3.1567380265013836e+07,1.4460944064875122e+07,-9.3273630240973671e+02,6.0756545290921685e-02,8.5999931940826355e+03,9.2736148259902592e+01,-9.9509380200566433e-01,2.9274372564330463e+09
